horizon_minutes,model,period,n,mae_seconds,rmse_seconds,alpha
15,persistence,all_day,1710,7.753801169590643,19.990860484830975,
15,persistence,commute,504,15.884920634920634,30.595608669239937,
15,historical,all_day,1710,18.096491228070175,43.442656369778284,
15,historical,commute,504,35.81613756613757,58.809680183156495,
15,residual_baseline,all_day,1710,10.553703703703706,23.909796202622516,0.75
15,residual_baseline,commute,504,19.290509259259263,32.61232602824679,0.75
30,persistence,all_day,1692,10.75,28.499440084085563,
30,persistence,commute,504,22.529761904761905,44.045318472739865,
30,historical,all_day,1692,18.271867612293146,43.67270875371769,
30,historical,commute,504,35.33796296296297,58.27078089853931,
30,residual_baseline,all_day,1692,13.964736012608352,32.55679202744746,0.5
30,residual_baseline,commute,504,26.1332671957672,44.4254343024687,0.5
